t,ecg
0.343574,552
0.343638,489
0.343663,560
0.343679,549
0.343693,565
0.343709,534
0.343723,556
0.343736,536
0.343750,558
0.343764,544
0.448712,571
0.448769,547
0.448788,569
0.448803,570
0.448817,581
0.448831,555
0.448846,595
0.448860,556
0.448874,566
0.448887,530
0.523558,591
0.523610,580
0.523626,579
0.523639,568
0.523655,587
0.523669,543
0.523682,568
0.523699,548
0.523712,587
0.523726,532
0.629818,572
0.629870,556
0.629889,570
0.629903,555
0.629917,565
0.629930,531
0.629944,560
0.629958,516
0.629971,568
0.629984,554
0.739805,569
0.739840,542
0.739856,557
0.739870,531
0.739884,546
0.739897,485
0.739910,521
0.739923,566
0.739936,594
0.739949,543
0.828539,568
0.828583,532
0.828601,544
0.828615,504
0.828629,534
0.828643,667
0.828656,716
0.828669,630
0.828685,532
0.828699,326
0.934823,406
0.934852,535
0.934867,637
0.934880,712
0.934897,689
0.934911,635
0.934924,676
0.934937,608
0.934951,629
0.934964,648
1.046072,714
1.046109,720
1.046125,1022
1.046139,1023
1.046153,1022
1.046167,1023
1.046189,1022
1.046203,1022
1.046217,1022
1.046230,1022
1.123609,1022
1.123674,1014
1.123688,984
1.123702,862
1.123715,831
1.123726,736
1.123738,692
1.123749,609
1.123761,587
1.123772,504
1.228397,491
1.228430,417
1.228440,426
1.228445,475
1.228450,496
1.228455,414
1.228459,398
1.228464,332
1.228468,340
1.228473,285
1.334668,315
1.334701,266
1.334706,306
1.334711,259
1.334715,275
1.334720,231
1.334724,257
1.334729,183
1.334740,258
1.334745,231
1.445910,293
1.445935,247
1.445941,317
1.445963,274
1.445969,294
1.445974,274
1.445979,284
1.445983,282
1.445987,331
1.445992,274
1.529737,311
1.529769,274
1.529774,304
1.529779,292
1.529784,322
1.529788,259
1.529793,325
1.529797,287
1.529805,332
1.529810,294
1.637158,330
1.637190,307
1.637196,329
1.637201,299
1.637205,383
1.637210,321
1.637214,355
1.637219,342
1.637223,364
1.637228,316
1.723333,355
1.723343,316
1.723348,366
1.723353,376
1.723357,388
1.723361,354
1.723366,396
1.723370,350
1.723381,397
1.723386,311
1.827146,415
1.827164,411
1.827169,434
1.827174,385
1.827178,394
1.827182,365
1.827187,415
1.827191,421
1.827196,438
1.827200,393
1.935887,481
1.935900,423
1.935905,425
1.935910,417
1.935915,496
1.935919,422
1.935924,342
1.935929,200
1.935933,179
1.935937,292
2.018387,487
2.018403,524
2.018411,590
2.018416,541
2.018420,520
2.018425,483
2.018430,511
2.018450,449
2.018455,469
2.018460,491
2.123401,519
2.123420,470
2.123425,499
2.123430,458
2.123434,486
2.123439,426
2.123443,465
2.123447,448
2.123452,477
2.123456,451
2.227140,489
2.227155,439
2.227160,469
2.227164,419
2.227168,442
2.227173,444
2.227177,472
2.227181,444
2.227185,480
2.227190,460
2.340894,487
2.340909,438
2.340914,455
2.340918,493
2.340922,488
2.340927,463
2.340932,508
2.340936,469
2.340940,490
2.340945,440
2.419675,453
2.419703,451
2.419708,510
2.419713,478
2.419717,508
2.419722,460
2.419726,478
2.419731,449
2.419735,470
2.419740,500
2.524668,503
2.524698,500
2.524703,523
2.524707,483
2.524712,510
2.524717,462
2.524721,485
2.524726,505
2.524730,522
2.524734,452
2.638578,499
2.638611,443
2.638620,446
2.638626,419
2.638630,403
2.638635,435
2.638640,464
2.638644,457
2.638649,464
2.638654,424
2.734730,461
2.734759,415
2.734764,489
2.734769,468
2.734774,493
2.734778,464
2.734783,501
2.734787,496
2.734794,504
2.734798,435
2.840915,534
2.840933,502
2.840938,508
2.840942,493
2.840947,503
2.840951,468
2.840956,511
2.840960,499
2.840964,521
2.840969,507
2.945926,522
2.945939,480
2.945943,520
2.945948,494
2.945952,519
2.945957,471
2.945961,540
2.945966,509
2.945974,545
2.945978,497
3.024655,558
3.024671,515
3.024675,552
3.024680,510
3.024685,533
3.024689,551
3.024694,609
3.024699,519
3.024703,464
3.024708,352
3.143587,255
3.143621,333
3.143627,535
3.143631,646
3.143636,662
3.143641,599
3.143646,601
3.143650,582
3.143655,588
3.143659,536
3.217163,557
3.217187,512
3.217192,511
3.217197,511
3.217202,578
3.217206,519
3.217210,539
3.217215,489
3.217219,531
3.217224,481
3.334658,505
3.334671,489
3.334676,558
3.334680,507
3.334700,528
3.334706,496
3.334710,524
3.334715,473
3.334723,517
3.334728,502
3.439668,547
3.439691,530
3.439696,552
3.439701,511
3.439706,555
3.439711,488
3.439715,526
3.439719,464
3.439724,490
3.439728,398
3.544703,427
3.544735,370
3.544740,337
3.544745,178
3.544749,44
3.544754,0
3.544759,0
3.544763,0
3.544768,0
3.544772,0
3.628432,0
3.628460,0
3.628465,0
3.628470,0
3.628474,0
3.628479,0
3.628483,91
3.628488,150
3.628492,313
3.628497,338
3.734684,432
3.734700,434
3.734706,514
3.734710,515
3.734715,616
3.734720,570
3.734724,703
3.734729,707
3.734733,750
3.734738,706
3.847207,767
3.847230,712
3.847239,770
3.847244,748
3.847248,822
3.847253,784
3.847257,848
3.847261,786
3.847266,812
3.847270,771
3.922181,811
3.922196,766
3.922201,793
3.922206,774
3.922211,851
3.922215,765
3.922220,816
3.922224,747
3.922247,779
3.922253,714
4.029674,747
4.029689,731
4.029694,772
4.029699,737
4.029703,785
4.029708,708
4.029712,755
4.029716,697
4.029721,720
4.029725,668
4.136120,697
4.136155,686
4.136162,719
4.136166,665
4.136171,699
4.136176,646
4.136180,694
4.136185,654
4.136189,668
4.136194,574
4.245980,684
4.246012,677
4.246018,711
4.246022,604
4.246027,504
4.246031,293
4.246036,367
4.246040,496
4.246044,703
4.246049,743
4.323436,736
4.323448,651
4.323453,683
4.323457,597
4.323462,635
4.323467,617
4.323471,668
4.323476,602
4.323480,603
4.323485,582
4.433439,609
4.433460,555
4.433465,649
4.433470,573
4.433475,601
4.433480,548
4.433484,591
4.433488,522
4.433493,604
4.433497,536
4.518394,590
4.518427,516
4.518432,539
4.518437,527
4.518441,535
4.518445,547
4.518450,552
4.518455,534
4.518459,581
4.518463,552
4.622258,627
4.622290,539
4.622316,570
4.622322,530
4.622327,509
4.622331,536
4.622335,586
4.622340,555
4.622344,585
4.622349,516
4.727184,551
4.727197,487
4.727203,540
4.727207,500
4.727211,583
4.727216,504
4.727220,545
4.727225,511
4.727229,526
4.727234,506
4.832197,528
4.832229,500
4.832234,573
4.832239,519
4.832244,549
4.832248,504
4.832255,542
4.832260,514
4.832264,510
4.832269,511
4.942191,600
4.942204,510
4.942209,568
4.942213,520
4.942218,547
4.942222,488
4.942226,563
4.942231,520
4.942235,568
4.942240,529
5.020945,569
5.020965,520
5.020971,567
5.020976,505
5.020980,580
5.020985,518
5.020989,584
5.020994,539
5.020999,604
5.021003,537
5.125949,595
5.125959,551
5.125964,575
5.125969,528
5.125973,591
5.125978,518
5.125983,619
5.125987,547
5.125991,574
5.125996,543
5.232219,575
5.232239,534
5.232244,511
5.232248,568
5.232253,611
5.232258,536
5.232280,566
5.232285,512
5.232290,587
5.232294,532
5.348477,539
5.348489,509
5.348494,599
5.348501,542
5.348505,543
5.348510,562
5.348514,599
5.348518,522
5.348523,564
5.348527,567
5.427223,561
5.427249,454
5.427254,389
5.427259,230
5.427264,418
5.427269,629
5.427273,1022
5.427277,1022
5.427282,1022
5.427287,1022
5.534722,1022
5.534755,1022
5.534760,1022
5.534765,1022
5.534770,1022
5.534774,1022
5.534779,1022
5.534783,1022
5.534788,955
5.534792,852
5.639802,803
5.639834,683
5.639840,679
5.639845,572
5.639849,538
5.639854,470
5.639859,432
5.639863,348
5.639868,381
5.639872,343
5.724653,340
5.724666,312
5.724671,312
5.724676,246
5.724680,293
5.724685,267
5.724690,309
5.724695,324
5.724699,412
5.724704,344
5.823466,411
5.823488,359
5.823493,386
5.823498,371
5.823502,375
5.823507,312
5.823511,372
5.823516,271
5.823521,339
5.823542,332
5.928488,359
5.928504,309
5.928509,322
5.928514,278
5.928519,284
5.928523,250
5.928528,328
5.928532,271
5.928537,332
5.928541,297
6.018460,324
6.018477,282
6.018482,295
6.018487,257
6.018492,358
6.018496,309
6.018500,335
6.018505,344
6.018509,422
6.018514,327
6.134706,380
6.134717,315
6.134722,360
6.134727,311
6.134731,371
6.134736,354
6.134740,415
6.134745,363
6.134749,384
6.134753,345
6.244949,415
6.244988,381
6.245008,417
6.245022,380
6.245036,490
6.245049,430
6.245062,457
6.245075,398
6.245088,497
6.245101,413
6.319870,495
6.319905,454
6.319921,455
6.319935,448
6.319948,514
6.319961,467
6.319974,489
6.319988,463
6.320001,475
6.320014,472
6.429890,480
6.429929,432
6.429944,473
6.429958,482
6.429972,515
6.429986,493
6.429999,506
6.430012,465
6.430026,513
6.430039,465
6.543655,510
6.543707,427
6.543721,391
6.543763,202
6.543778,242
6.543789,350
6.543801,526
6.543812,540
6.543824,603
6.543835,488
6.648787,552
6.648839,564
6.648854,583
6.648868,523
6.648880,599
6.648892,547
6.648904,519
6.648915,541
6.648926,540
6.648938,520
6.736106,560
6.736141,518
6.736154,532
6.736166,475
6.736178,456
6.736189,490
6.736201,547
6.736214,494
6.736226,513
6.736237,448
6.846254,497
6.846310,434
6.846326,508
6.846340,458
6.846354,509
6.846369,469
6.846383,502
6.846396,494
6.846410,524
6.846423,526
6.924860,568
6.924890,549
6.924903,527
6.924917,519
6.924929,537
6.924940,495
6.924951,547
6.924963,518
6.924973,528
6.924985,463
7.029907,547
7.029961,496
7.029976,1022
7.029990,1022
7.030005,1022
7.030018,1022
7.030031,1022
7.030044,963
7.030057,941
7.030070,862
7.142402,832
7.142435,742
7.142451,746
7.142467,632
7.142481,652
7.142494,600
7.142508,603
7.142522,543
7.142535,600
7.142549,525
7.247456,545
7.247497,495
7.247512,489
7.247526,427
7.247539,435
7.247556,401
7.247570,460
7.247584,434
7.247597,418
7.247610,367
7.324877,392
7.324905,354
7.324920,341
7.324934,324
7.324947,425
7.324960,356
7.324973,352
7.324993,348
7.325006,375
7.325020,296
7.437407,353
7.437460,367
7.437476,355
7.437490,356
7.437504,388
7.437517,334
7.437530,354
7.437543,365
7.437556,353
7.437569,385
7.516153,406
7.516208,380
7.516223,409
7.516241,403
7.516254,372
7.516268,219
7.516281,153
7.516293,155
7.516306,336
7.516319,453
7.621128,529
7.621176,483
7.621190,459
7.621202,465
7.621213,481
7.621224,400
7.621236,484
7.621247,451
7.621258,448
7.621278,430
7.733704,443
7.733752,383
7.733767,476
7.733782,438
7.733795,445
7.733809,447
7.733822,432
7.733835,431
7.733848,465
7.733861,455
7.823657,460
7.823699,412
7.823708,437
7.823716,409
7.823723,468
7.823730,419
7.823738,471
7.823745,455
7.823752,447
7.823763,455
7.922307,486
7.922348,428
7.922357,483
7.922364,465
7.922372,472
7.922379,467
7.922386,451
7.922393,454
7.922400,497
7.922408,443
8.027470,443
8.027519,423
8.027534,454
8.027549,460
8.027562,499
8.027575,451
8.027588,459
8.027601,451
8.027614,472
8.027637,426
8.142416,486
8.142445,460
8.142461,528
8.142475,472
8.142489,492
8.142502,460
8.142515,495
8.142528,471
8.142541,478
8.142553,477
8.225102,526
8.225155,475
8.225171,509
8.225185,478
8.225198,504
8.225211,484
8.225224,468
8.225237,487
8.225250,508
8.225263,492
8.329908,504
8.329940,442
8.329954,22
8.329973,0
8.329985,0
8.329996,0
8.330008,0
8.330018,0
8.330029,44
8.330040,103
8.434946,148
8.434987,191
8.435002,258
8.435016,267
8.435030,325
8.435044,369
8.435057,410
8.435070,411
8.435083,476
8.435096,476
8.546198,504
8.546248,495
8.546263,524
8.546276,551
8.546289,558
8.546303,560
8.546316,595
8.546329,533
8.546342,550
8.546355,456
8.621209,313
8.621266,334
8.621282,543
8.621296,634
8.621309,719
8.621322,670
8.621335,718
8.621348,635
8.621361,703
8.621373,673
8.729878,667
8.729907,648
8.729920,689
8.729932,595
8.729943,662
8.729955,634
8.729966,594
8.729977,615
8.729988,628
8.729999,580
8.834951,626
8.834999,596
8.835013,601
8.835027,588
8.835040,586
8.835054,574
8.835067,596
8.835080,575
8.835093,609
8.835107,575
8.946198,573
8.946230,520
8.946245,572
8.946265,586
8.946279,577
8.946292,550
8.946305,595
8.946318,540
8.946330,548
8.946343,540
9.024939,530
9.024970,497
9.024985,550
9.024999,508
9.025012,524
9.025026,527
9.025039,539
9.025052,498
9.025066,542
9.025079,524
9.134008,537
9.134047,536
9.134063,535
9.134077,517
9.134091,542
9.134105,507
9.134119,543
9.134133,542
9.134147,568
9.134160,538
9.243728,548
9.243776,502
9.243791,534
9.243804,492
9.243818,542
9.243831,574
9.243845,589
9.243858,554
9.243870,571
9.243888,545
9.322443,558
9.322490,521
9.322505,580
9.322518,569
9.322531,588
9.322545,563
9.322558,554
9.322571,552
9.322584,560
9.322597,504
9.426183,604
9.426222,540
9.426237,609
9.426251,561
9.426265,579
9.426278,556
9.426291,573
9.426304,546
9.426317,497
9.426330,559
9.533727,627
9.533778,579
9.533792,579
9.533806,546
9.533819,556
9.533833,535
9.533846,510
9.533859,507
9.533872,577
9.533885,564
9.640041,590
9.640087,543
9.640102,552
9.640116,530
9.640129,562
9.640143,531
9.640156,589
9.640169,553
9.640182,480
9.640206,318
9.746227,232
9.746276,353
9.746292,583
9.746307,630
9.746320,658
9.746333,614
9.746347,619
9.746360,590
9.746373,584
9.746385,523
9.829987,590
9.830041,519
9.830057,579
9.830072,559
9.830086,595
9.830099,544
9.830112,552
9.830125,520
9.830138,555
9.830151,513
9.934964,500
9.935000,538
9.935016,586
9.935030,520
9.935043,527
9.935056,511
9.935070,513
9.935083,481
9.935096,479
9.935109,524
10.046223,551
10.046259,542
10.046275,547
10.046288,536
10.046302,550
10.046316,491
10.046329,549
10.046342,538
10.046355,581
10.046368,532
10.124965,527
10.124992,521
10.125007,539
10.125023,517
10.125037,491
10.125051,532
10.125064,570
10.125077,519
10.125090,519
10.125103,502
10.229942,530
10.229976,515
10.229991,484
10.230005,524
10.230018,548
10.230032,523
10.230045,543
10.230058,522
10.230072,532
10.230085,512
10.336205,487
10.336231,528
10.336246,553
10.336259,543
10.336272,549
10.336286,524
10.336299,526
10.336313,501
10.336326,528
10.336339,486
10.446315,559
10.446364,521
10.446379,551
10.446392,517
10.446410,515
10.446424,492
10.446437,541
10.446450,523
10.446464,507
10.446478,516
10.524962,542
10.525011,512
10.525026,530
10.525040,497
10.525054,540
10.525068,510
10.525081,507
10.525095,516
10.525108,526
10.525121,529
10.638745,526
10.638801,491
10.638817,529
10.638831,525
10.638844,500
10.638858,510
10.638871,532
10.638884,503
10.638897,525
10.638910,512
10.744959,504
10.744987,501
10.745002,510
10.745015,512
10.745028,517
10.745041,501
10.745055,515
10.745068,520
10.745081,534
10.745094,527
10.824956,541
10.824995,497
10.825009,551
10.825022,449
10.825036,293
10.825050,207
10.825063,324
10.825077,516
10.825090,614
10.825103,620
10.933760,575
10.933789,522
10.933832,588
10.933849,553
10.933862,572
10.933876,536
10.933889,531
10.933902,508
10.933915,527
10.933928,511
11.042476,506
11.042508,522
11.042522,555
11.042535,526
11.042548,536
11.042561,484
11.042574,528
11.042587,536
11.042600,516
11.042614,466
11.121199,566
11.121222,526
11.121236,531
11.121250,489
11.121263,535
11.121276,521
11.121289,537
11.121305,525
11.121319,558
11.121332,556
11.227478,566
11.227509,570
11.227523,568
11.227537,561
11.227550,547
11.227563,546
11.227576,544
11.227590,553
11.227603,564
11.227616,537
11.343710,560
11.343749,520
11.343765,509
11.343778,550
11.343792,542
11.343806,526
11.343818,558
11.343832,542
11.343845,540
11.343858,504
11.418737,556
11.418784,534
11.418799,517
11.418813,550
11.418826,561
11.418839,536
11.418851,579
11.418865,543
11.418878,563
11.418891,574
11.528729,579
11.528778,531
11.528793,564
11.528808,563
11.528821,553
11.528835,539
11.528850,533
11.528864,540
11.528877,561
11.528890,529
11.636237,547
11.636292,540
11.636307,560
11.636321,532
11.636335,548
11.636348,559
11.636362,553
11.636376,559
11.636389,586
11.636402,575
11.746232,601
11.746263,576
11.746278,655
11.746292,632
11.746305,622
11.746319,631
11.746332,671
11.746345,683
11.746358,678
11.746371,640
11.821224,660
11.821262,673
11.821277,650
11.821291,627
11.821304,632
11.821318,578
11.821331,616
11.821343,568
11.821357,576
11.821370,587
11.937461,590
11.937490,557
11.937505,594
11.937519,552
11.937532,567
11.937546,534
11.937559,474
11.937571,318
11.937615,263
11.937631,339
12.019977,529
12.020005,641
12.020020,681
12.020033,626
12.020047,1022
12.020060,1022
12.020074,1022
12.020087,1022
12.020101,1022
12.020114,1022
12.124974,1022
12.125004,963
12.125019,910
12.125032,823
12.125045,756
12.125058,705
12.125071,656
12.125085,648
12.125098,589
12.125111,537
12.238756,534
12.238787,484
12.238802,452
12.238816,441
12.238829,452
12.238842,387
12.238856,424
12.238869,365
12.238882,388
12.238895,353
12.343741,353
12.343770,316
12.343785,354
12.343798,347
12.343812,337
12.343825,328
12.343838,352
12.343852,320
12.343865,708
12.343878,853
12.417475,827
12.417521,789
12.417536,737
12.417549,718
12.417562,664
12.417576,603
12.417677,588
12.417692,560
12.417705,559
12.417718,525
12.523772,471
12.523822,549
12.523837,522
12.523855,475
12.523869,464
12.523883,450
12.523896,435
12.523909,417
12.523922,393
12.523935,365
12.633781,402
12.633831,401
12.633846,408
12.633860,381
12.633874,379
12.633888,359
12.633901,352
12.633914,329
12.633928,373
12.633941,383
12.743942,376
12.743996,372
12.744012,369
12.744029,361
12.744043,360
12.744057,347
12.744071,365
12.744084,397
12.744097,392
12.744111,413
12.817451,413
12.817496,421
12.817506,423
12.817516,410
12.817525,427
12.817534,376
12.817543,450
12.817554,448
12.817563,454
12.817572,458
12.923717,459
12.923751,457
12.923765,460
12.923777,472
12.923789,470
12.923802,559
12.923814,552
12.923826,460
12.923837,350
12.923848,198
13.032493,349
13.032532,489
13.032547,623
13.032563,632
13.032577,680
13.032590,639
13.032604,636
13.032617,609
13.032630,609
13.032643,599
13.147370,605
13.147408,563
13.147414,599
13.147419,630
13.147424,613
13.147429,580
13.147433,578
13.147438,543
13.147442,542
13.147447,520
13.222333,529
13.222350,510
13.222356,558
13.222362,519
13.222367,523
13.222371,505
13.222376,499
13.222380,492
13.222385,487
13.222389,443
13.333593,501
13.333607,527
13.333612,543
13.333617,523
13.333622,525
13.333628,494
13.333632,494
13.333637,483
13.333641,513
13.333646,436
13.439848,516
13.439880,533
13.439886,505
13.439890,483
13.439895,492
13.439900,469
13.439904,478
13.439914,463
13.439919,473
13.439923,456
13.521061,486
13.521093,457
13.521098,482
13.521103,475
13.521107,452
13.521112,434
13.521116,451
13.521121,440
13.521126,436
13.521130,393
13.623608,414
13.623638,442
13.623643,449
13.623651,419
13.623656,431
13.623660,410
13.623665,418
13.623669,399
13.623674,419
13.623678,393
13.732338,405
13.732352,444
13.732358,438
13.732362,399
13.732367,412
13.732371,387
13.732375,401
13.732380,397
13.732384,371
13.732393,424
13.837540,418
13.837646,404
13.837658,404
13.837664,385
13.837669,391
13.837674,417
13.837679,389
13.837683,410
13.837708,429
13.837713,424
13.918603,425
13.918637,364
13.918643,277
13.918647,102
13.918652,211
13.918657,369
13.918661,486
13.918666,521
13.918670,507
13.918678,450
14.023630,441
14.023658,433
14.023663,455
14.023668,448
14.023672,456
14.023677,419
14.023682,431
14.023686,441
14.023691,408
14.023695,414
14.133613,396
14.133628,444
14.133633,415
14.133638,399
14.133642,382
14.133647,395
14.133651,405
14.133656,367
14.133661,381
14.133671,371
14.223565,379
14.223598,373
14.223603,392
14.223609,371
14.223613,392
14.223618,371
14.223622,414
14.223627,408
14.223631,451
14.223635,435
14.322373,428
14.322387,444
14.322393,448
14.322397,416
14.322402,476
14.322407,466
14.322411,467
14.322416,460
14.322420,461
14.322425,475
14.427349,485
14.427365,475
14.427370,480
14.427377,491
14.427382,498
14.427387,508
14.427391,525
14.427395,485
14.427400,526
14.427404,535
14.538613,532
14.538644,520
14.538649,500
14.538654,510
14.538658,519
14.538663,487
14.538667,511
14.538672,514
14.538676,546
14.538681,520
14.645000,527
14.645033,510
14.645038,508
14.645043,473
14.645047,527
14.645052,510
14.645056,512
14.645061,500
14.645066,526
14.645070,496
14.737355,504
14.737372,501
14.737377,489
14.737381,501
14.737386,515
14.737390,534
14.737395,521
14.737400,513
14.737404,522
14.737409,498
14.822322,506
14.822354,472
14.822359,480
14.822364,536
14.822368,502
14.822373,489
14.822377,492
14.822381,469
14.822386,496
14.822391,503
14.926107,539
14.926119,474
14.926124,413
14.926128,263
14.926133,274
14.926137,409
14.926142,597
14.926146,614
14.926150,637
14.926155,622
15.036124,612
15.036142,593
15.036146,579
15.036153,567
15.036157,556
15.036162,565
15.036166,533
15.036170,535
15.036175,579
15.036180,544
15.146129,539
15.146143,531
15.146149,533
15.146153,495
15.146158,363
15.146163,117
15.146167,112
15.146171,116
15.146176,153
15.146180,184
15.224895,209
15.224907,244
15.224912,279
15.224917,320
15.224922,371
15.224926,412
15.224931,430
15.224935,455
15.224939,426
15.224944,446
15.338623,452
15.338634,482
15.338638,520
15.338643,515
15.338647,545
15.338652,523
15.338656,552
15.338661,514
15.338665,568
15.338670,540
15.419831,509
15.419856,541
15.419862,527
15.419866,513
15.419871,513
15.419876,504
15.419880,457
15.419885,440
15.419889,395
15.419893,362
15.523643,341
15.523673,330
15.523678,135
15.523683,50
15.523687,99
15.523692,181
15.523696,215
15.523701,246
15.523705,283
15.523710,318
15.632383,398
15.632413,442
15.632418,478
15.632423,498
15.632427,505
15.632432,535
15.632437,562
15.632441,555
15.632446,593
15.632450,627
15.745889,639
15.745929,629
15.745936,662
15.745940,680
15.745945,652
15.745950,691
15.745955,687
15.745960,695
15.745964,712
15.745973,694
15.821157,691
15.821187,704
15.821193,712
15.821197,711
15.821202,714
15.821207,688
15.821211,663
15.821216,662
15.821220,677
15.821225,684
15.927385,691
15.927398,687
15.927403,691
15.927408,658
15.927413,643
15.927417,641
15.927422,667
15.927426,667
15.927430,583
15.927435,508
16.034893,326
16.034911,368
16.034916,528
16.034920,619
16.034925,664
16.034930,612
16.034934,561
16.034939,600
16.034943,600
16.034948,601
16.141140,584
16.141151,584
16.141156,580
16.141160,608
16.141165,583
16.141169,617
16.141174,583
16.141178,591
16.141182,595
16.141187,605
16.251162,585
16.251193,591
16.251198,593
16.251205,526
16.251210,417
16.251215,395
16.251219,422
16.251224,418
16.251228,459
16.251233,418
16.326131,513
16.326147,524
16.326151,540
16.326156,550
16.326161,544
16.326165,569
16.326169,566
16.326174,572
16.326178,607
16.326183,602
16.438635,581
16.438655,595
16.438660,565
16.438664,572
16.438669,591
16.438674,626
16.438678,577
16.438683,600
16.438687,610
16.438692,570
16.543658,589
16.543689,578
16.543694,606
16.543699,611
16.543703,604
16.543708,583
16.543712,586
16.543717,588
16.543721,591
16.543725,574
16.621157,590
16.621189,595
16.621194,594
16.621199,585
16.621203,578
16.621208,573
16.621212,569
16.621217,579
16.621221,577
16.621226,571
16.734886,588
16.734900,554
16.734905,581
16.734910,564
16.734915,563
16.734919,566
16.734923,536
16.734928,544
16.734932,565
16.734937,582
16.843778,543
16.843812,551
16.843817,543
16.843822,541
16.843826,541
16.843831,544
16.843835,556
16.843839,553
16.843844,565
16.843848,552
16.917402,557
16.917417,532
16.917422,558
16.917427,564
16.917431,557
16.917435,574
16.917440,558
16.917444,564
16.917449,560
16.917453,546
17.027435,551
17.027466,543
17.027471,573
17.027476,540
17.027480,567
17.027485,556
17.027489,585
17.027493,595
17.027498,559
17.027502,467
17.133673,302
17.133706,257
17.133711,446
17.133716,614
17.133721,687
17.133725,655
17.133729,641
17.133734,605
17.133738,592
17.133743,566
17.242431,624
17.242456,571
17.242461,600
17.242465,585
17.242470,569
17.242474,553
17.242479,563
17.242485,538
17.242490,560
17.242494,555
17.333659,572
17.333674,543
17.333680,553
17.333684,537
17.333688,519
17.333693,546
17.333698,519
17.333702,528
17.333707,545
17.333711,531
17.438697,541
17.438729,517
17.438734,516
17.438738,564
17.438743,565
17.438747,578
17.438752,591
17.438756,595
17.438761,583
17.438765,598
17.518721,590
17.518751,590
17.518756,567
17.518760,639
17.518765,612
17.518770,629
17.518774,658
17.518779,676
17.518783,669
17.518788,635
17.623698,652
17.623729,1022
17.623734,1023
17.623739,1023
17.623743,1023
17.623748,1023
17.623754,1023
17.623758,1022
17.623762,1010
17.623767,931
17.732412,856
17.732436,790
17.732442,743
17.732446,723
17.732450,656
17.732455,635
17.732460,587
17.732465,559
17.732469,511
17.732474,498
17.821180,479
17.821200,463
17.821205,435
17.821210,422
17.821214,643
17.821219,936
17.821224,917
17.821228,862
17.821233,798
17.821237,723
17.926190,675
17.926202,627
17.926207,563
17.926211,543
17.926216,536
17.926220,499
17.926225,482
17.926229,432
17.926234,406
17.926238,379
18.034912,358
18.034933,370
18.034938,365
18.034943,308
18.034947,357
18.034952,349
18.034956,366
18.034961,374
18.034965,357
18.034969,344
18.140068,324
18.140097,342
18.140111,329
18.140124,380
18.140137,369
18.140151,282
18.140164,146
18.140177,84
18.140190,212
18.140203,370
18.245106,455
18.245141,509
18.245155,472
18.245169,440
18.245182,483
18.245195,480
18.245209,478
18.245222,477
18.245235,495
18.245249,489
18.323837,474
18.323863,522
18.323877,517
18.323891,528
18.323905,531
18.323919,508
18.323932,510
18.323945,516
18.323958,500
18.323972,501
18.430079,486
18.430108,502
18.430122,526
18.430135,497
18.430149,476
18.430162,494
18.430175,483
18.430189,457
18.430202,466
18.430215,490
18.546370,446
18.546419,507
18.546434,486
18.546447,540
18.546461,569
18.546735,572
18.546761,546
18.546776,507
18.546792,547
18.546806,563
18.625124,566
18.625181,516
18.625197,495
18.625212,485
18.625228,484
18.625243,459
18.625257,426
18.625271,501
18.625284,467
18.625298,476
18.734229,507
18.734280,464
18.734296,457
18.734309,438
18.734321,447
18.734333,420
18.734344,407
18.734356,421
18.734367,456
18.734379,456
18.821308,457
18.821352,422
18.821367,426
18.821381,401
18.821394,418
18.821407,359
18.821421,406
18.821435,461
18.821450,458
18.821464,430
18.922611,441
18.922667,406
18.922683,429
18.922697,424
18.922711,416
18.922724,388
18.922740,479
18.922754,477
18.922768,465
18.922781,448
19.026344,447
19.026383,414
19.026397,423
19.026411,390
19.026424,437
19.026438,443
19.026450,452
19.026464,455
19.026479,455
19.026493,429
19.132611,449
19.132645,422
19.132659,349
19.132674,244
19.132687,139
19.132700,267
19.132714,467
19.132728,532
19.132741,531
19.132754,509
19.217552,493
19.217640,466
19.217662,466
19.217675,403
19.217689,485
19.217702,475
19.217715,454
19.217728,448
19.217741,461
19.217754,433
19.320144,423
19.320185,415
19.320208,437
19.320223,410
19.320237,447
19.320250,454
19.320263,455
19.320277,432
19.320290,432
19.320304,400
19.430119,411
19.430155,415
19.430170,418
19.430184,385
19.430197,409
19.430210,435
19.430224,447
19.430237,436
19.430253,449
19.430268,444
19.535131,450
19.535179,416
19.535194,470
19.535208,473
19.535221,462
19.535234,442
19.535248,452
19.535261,414
19.535275,389
19.535288,447
19.647862,457
19.647927,416
19.647944,451
19.647959,425
19.647985,458
19.648000,421
19.648015,441
19.648029,459
19.648042,474
19.648056,460
19.725226,468
19.725276,441
19.725286,453
19.725293,443
19.725301,431
19.725308,466
19.725316,477
19.725323,434
19.725330,467
19.725338,457
19.830021,456
19.830060,433
19.830070,440
19.830078,459
19.830089,426
19.830096,465
19.830104,478
19.830111,471
19.830118,480
19.830125,447
19.942717,453
19.942767,451
19.942782,422
19.942797,456
19.942811,493
19.942824,496
19.942837,496
19.942851,460
19.942863,477
19.942877,487
20.021388,503
20.021431,489
20.021447,498
20.021461,508
20.021484,547
20.021498,533
20.021512,550
20.021526,524
20.021539,487
20.021552,382
20.126405,236
20.126458,322
20.126474,512
20.126489,595
20.126502,655
20.126515,639
20.126529,611
20.126542,573
20.126555,583
20.126567,563
20.236355,536
20.236400,563
20.236413,569
20.236426,581
20.236437,569
20.236449,562
20.236460,557
20.236471,523
20.236486,497
20.236498,531
20.316398,529
20.316435,566
20.316450,540
20.316464,519
20.316478,520
20.316491,502
20.316504,503
20.316518,487
20.316531,462
20.316544,492
20.426396,557
20.426440,524
20.426455,540
20.426469,527
20.426482,515
20.426496,503
20.426509,550
20.426522,531
20.426535,501
20.426549,538
20.531393,546
20.531450,517
20.531467,539
20.531481,501
20.531495,504
20.531508,482
20.531532,476
20.531546,505
20.531559,463
20.531573,481
20.637672,468
20.637725,495
20.637741,493
20.637755,488
20.637768,521
20.637781,505
20.637794,526
20.637811,527
20.637825,520
20.637838,526
20.728777,552
20.728817,526
20.728832,558
20.728846,534
20.728860,539
20.728873,524
20.728887,545
20.728900,512
20.728913,522
20.728926,481
20.826383,470
20.826426,121
20.826441,112
20.826454,106
20.826467,163
20.826480,202
20.826494,247
20.826507,263
20.826523,318
20.826536,347
20.938849,398
20.938883,394
20.938899,439
20.938912,430
20.938926,447
20.938939,419
20.938954,486
20.938968,523
20.938982,518
20.938995,528
21.022578,575
21.022607,539
21.022621,629
21.022635,587
21.022648,583
21.022661,578
21.022675,636
21.022688,586
21.022701,505
21.022714,436
21.125134,296
21.125162,387
21.125176,596
21.125190,658
21.125204,691
21.125218,630
21.125231,596
21.125244,551
21.125257,552
21.125271,486
21.233898,400
21.233934,267
21.233948,18
21.233962,0
21.233979,14
21.233992,72
21.234005,123
21.234018,167
21.234031,253
21.234044,308
21.338891,375
21.338925,375
21.338940,400
21.338955,390
21.338969,488
21.338982,487
21.338995,510
21.339009,515
21.339022,535
21.339035,573
21.421409,590
21.421438,559
21.421452,616
21.421466,627
21.421479,653
21.421493,621
21.421506,662
21.421519,658
21.421532,684
21.421546,654
21.530148,662
21.530199,645
21.530214,675
21.530228,683
21.530241,689
21.530255,685
21.530268,676
21.530282,649
21.530295,665
21.530308,637
21.635243,647
21.635293,647
21.635309,632
21.635323,677
21.635340,656
21.635354,643
21.635368,635
21.635381,618
21.635395,607
21.635408,628
21.746486,617
21.746532,635
21.746548,642
21.746562,623
21.746576,627
21.746589,603
21.746603,608
21.746616,544
21.746628,635
21.746641,611
21.826408,621
21.826452,607
21.826467,591
21.826481,589
21.826494,539
21.826507,508
21.826520,452
21.826534,440
21.826547,432
21.826560,417
21.936381,423
21.936409,393
21.936424,446
21.936438,443
21.936452,482
21.936465,472
21.936478,485
21.936491,463
21.936504,475
21.936517,484
22.041410,552
22.041443,526
22.041457,567
22.041471,551
22.041484,572
22.041497,569
22.041510,601
22.041524,590
22.041540,569
22.041554,508
22.147692,411
22.147739,252
22.147754,391
22.147768,576
22.147781,707
22.147795,707
22.147808,694
22.147822,639
22.147835,627
22.147848,635
22.222638,625
22.222669,620
22.222684,633
22.222697,591
22.222711,628
22.222725,600
22.222739,598
22.222752,586
22.222764,602
22.222778,576
22.327652,579
22.327685,579
22.327700,604
22.327714,560
22.327727,592
22.327741,540
22.327754,562
22.327767,522
22.327780,535
22.327793,537
22.417721,571
22.417768,571
22.417783,582
22.417796,550
22.417810,558
22.417824,545
22.417837,572
22.417850,527
22.417863,583
22.417876,563
22.522673,557
22.522723,551
22.522738,559
22.522752,527
22.522766,522
22.522779,513
22.522796,519
22.522810,501
22.522824,536
22.522837,562
22.631412,549
22.631461,524
22.631476,543
22.631489,525
22.631503,530
22.631516,480
22.631530,550
22.631543,519
22.631556,573
22.631569,557
22.735240,544
22.735284,534
22.735299,538
22.735313,500
22.735326,542
22.735339,528
22.735352,536
22.735365,543
22.735379,554
22.735392,542
22.840181,536
22.840219,531
22.840234,533
22.840248,521
22.840261,511
22.840275,533
22.840288,557
22.840301,553
22.840315,558
22.840328,545
22.923924,540
22.923950,512
22.923965,540
22.923978,532
22.923992,534
22.924006,516
22.924019,567
22.924032,551
22.924045,535
22.924058,517
23.028918,547
23.028955,516
23.028969,520
23.028983,502
23.028996,542
23.029009,545
23.029022,571
23.029036,537
23.029049,558
23.029062,551
23.142681,579
23.142709,565
23.142727,480
23.142741,411
23.142754,217
23.142767,288
23.142781,537
23.142794,644
23.142807,669
23.142821,612
23.247678,570
23.247710,609
23.247725,601
23.247738,552
23.247752,592
23.247765,590
23.247779,579
23.247792,562
23.247805,550
23.247819,544
23.325151,561
23.325175,551
23.325190,573
23.325204,544
23.325217,558
23.325231,542
23.325244,550
23.325258,520
23.325271,516
23.325284,519
23.438912,551
23.438939,513
23.438953,542
23.438967,520
23.438980,524
23.438993,500
23.439007,492
23.439021,527
23.439034,545
23.439048,547
23.520121,566
23.520169,535
23.520184,535
23.520198,520
23.520212,513
23.520226,527
23.520239,505
23.520253,545
23.520266,538
23.520280,530
23.622735,537
23.622782,519
23.622799,524
23.622812,526
23.622826,528
23.622840,516
23.622853,541
23.622867,547
23.622880,564
23.622894,572
23.732654,568
23.732687,547
23.732702,547
23.732715,517
23.732729,540
23.732742,545
23.732758,562
23.732772,568
23.732785,563
23.732798,555
23.846432,547
23.846470,535
23.846484,544
23.846498,495
23.846512,577
23.846525,543
23.846539,592
23.846552,569
23.846565,518
23.846578,579
23.952641,579
23.952672,577
23.952687,595
23.952700,593
23.952714,601
23.952727,598
23.952740,620
23.952754,600
23.952767,624
23.952780,625
24.026443,607
24.026476,607
24.026491,591
24.026505,568
24.026518,583
24.026531,560
24.026544,569
24.026557,543
24.026570,570
24.026583,548
24.136362,558
24.136389,816
24.136403,1022
24.136417,1022
24.136430,1022
24.136444,1022
24.136458,1022
24.136471,900
24.136484,687
24.136498,612
24.242708,749
24.242743,853
24.242757,840
24.242771,795
24.242784,720
24.242797,622
24.242810,617
24.242824,578
24.242837,565
24.242850,526
24.348924,508
24.348949,847
24.348963,951
24.348976,895
24.348990,845
24.349003,785
24.349016,736
24.349029,677
24.349042,625
24.349056,589
24.422681,539
24.422961,521
24.422986,494
24.423002,457
24.423018,407
24.423033,371
24.423046,365
24.423060,360
24.423074,353
24.423086,327
24.531440,329
24.531494,320
24.531510,318
24.531524,314
24.531538,295
24.531551,295
24.531564,315
24.531578,301
24.531593,342
24.531607,308
24.641633,319
24.641685,302
24.641700,305
24.641713,314
24.641725,329
24.641737,293
24.641750,334
24.641762,377
24.641774,399
24.641786,396
24.720148,403
24.720176,384
24.720189,370
24.720201,367
24.720214,437
24.720226,397
24.720237,368
24.720249,437
24.720260,440
24.720272,432
24.825196,433
24.825251,414
24.825269,421
24.825283,408
24.825297,421
24.825311,444
24.825324,475
24.825338,471
24.825351,483
24.825363,467
24.933951,470
24.934006,462
24.934023,483
24.934038,451
24.934054,508
24.934068,461
24.934082,515
24.934095,500
24.934108,506
24.934122,496
25.038948,501
25.038986,480
25.039001,486
25.039016,496
25.039030,516
25.039044,495
25.039061,494
25.039075,522
25.039088,520
25.039101,497
25.123945,528
25.123973,524
25.123987,504
25.124001,530
25.124015,534
25.124028,512
25.124041,399
25.124054,221
25.124073,280
25.124087,432
25.232705,579
25.232737,612
25.232752,625
25.232767,568
25.232781,551
25.232794,537
25.232807,515
25.232821,520
25.232834,534
25.232848,516
25.343945,519
25.343973,512
25.343987,525
25.344002,525
25.344018,545
25.344032,509
25.344045,483
25.344059,521
25.344071,521
25.344085,504
25.417753,497
25.417786,517
25.417800,519
25.417814,509
25.417827,481
25.417840,454
25.417853,515
25.417866,548
25.417879,597
25.417892,617
25.523969,608
25.524024,584
25.524040,584
25.524055,575
25.524068,548
25.524081,530
25.524095,538
25.524107,557
25.524120,518
25.524133,501
25.634076,496
25.634138,507
25.634155,504
25.634169,492
25.634183,497
25.634197,480
25.634211,483
25.634224,476
25.634238,480
25.634252,491
25.742738,523
25.742777,494
25.742785,529
25.742793,497
25.742800,487
25.742807,488
25.742814,473
25.742820,434
25.742827,476
25.742833,457
25.848881,504
25.848919,474
25.848928,460
25.848937,457
25.848945,456
25.848953,433
25.848961,416
25.848969,422
25.848977,432
25.848986,472
25.922718,453
25.922750,449
25.922766,429
25.922781,413
25.922794,414
25.922807,412
25.922820,391
25.922834,432
25.922847,431
25.922860,432
26.031490,430
26.031541,409
26.031557,413
26.031570,405
26.031584,420
26.031597,404
26.031610,444
26.031624,442
26.031637,439
26.031650,427
26.136505,454
26.136557,381
26.136574,295
26.136588,176
26.136606,199
26.136620,326
26.136633,493
26.136647,530
26.136659,523
26.136673,502
26.246532,471
26.246580,455
26.246596,447
26.246610,442
26.246624,439
26.246638,423
26.246650,431
26.246664,418
26.246677,428
26.246690,409
26.321488,429
26.321524,407
26.321539,420
26.321553,403
26.321567,373
26.321610,391
26.321630,385
26.321644,386
26.321657,379
26.321670,402
26.430235,395
26.430271,397
26.430297,398
26.430313,390
26.430326,380
26.430339,422
26.430352,396
26.430366,415
26.430379,448
26.430392,427
26.535271,423
26.535326,406
26.535342,387
26.535356,440
26.535370,448
26.535383,480
26.535396,463
26.535410,440
26.535423,444
26.535437,440
26.646462,434
26.646510,428
26.646524,470
26.646537,479
26.646548,469
26.646560,501
26.646571,487
26.646582,492
26.646594,499
26.646605,486
26.724352,473
26.724397,502
26.724410,535
26.724422,507
26.724437,506
26.724449,486
26.724461,469
26.724472,483
26.724483,459
26.724494,499
26.846510,485
26.846550,485
26.846567,508
26.846581,484
26.846596,475
26.846609,455
26.846623,464
26.846636,539
26.846649,504
26.846663,532
26.923989,529
26.924016,515
26.924031,516
26.924045,496
26.924059,495
26.924072,554
26.924085,550
26.924098,555
26.924111,555
26.924124,544
27.036484,557
27.036517,532
27.036532,537
27.036545,578
27.036558,561
27.036572,599
27.036584,603
27.036597,596
27.036611,555
27.036624,431
27.151444,297
27.151471,265
27.151485,387
27.151499,624
27.151512,686
27.151525,659
27.151539,607
27.151552,604
27.151565,566
27.151578,595
27.227738,595
27.227771,582
27.227786,576
27.227799,557
27.227812,549
27.227826,542
27.227840,535
27.227853,498
27.227866,550
27.227879,539
27.337757,207
27.337785,99
27.337799,102
27.337812,150
27.337825,175
27.337838,191
27.337852,241
27.337864,281
27.337878,310
27.337891,358
27.422710,381
27.422757,392
27.422771,420
27.422784,416
27.422797,432
27.422810,512
27.422824,510
27.422837,520
27.422851,534
27.422864,548
27.525301,543
27.525353,562
27.525368,554
27.525382,552
27.525396,573
27.525409,550
27.525422,584
27.525435,570
27.525449,548
27.525461,560
27.631493,562
27.631535,579
27.631550,558
27.631564,573
27.631577,547
27.631590,584
27.631604,587
27.631617,582
27.631630,576
27.631643,568
27.740368,549
27.740419,564
27.740434,556
27.740448,126
27.740461,0
27.740474,0
27.740487,6
27.740500,73
27.740513,117
27.740526,177
27.821522,250
27.821560,297
27.821575,322
27.821640,373
27.821655,427
27.821669,433
27.821682,474
27.821696,512
27.821709,540
27.821722,548
27.930255,562
27.930295,581
27.930310,602
27.930325,611
27.930342,625
27.930356,619
27.930369,632
27.930383,632
27.930396,640
27.930409,637
28.041538,655
28.041576,688
28.041637,695
28.041651,691
28.041665,678
28.041678,692
28.041691,679
28.041704,734
28.041718,702
28.041731,612
28.123961,512
28.123993,388
28.124009,456
28.124023,663
28.124036,802
28.124049,788
28.124063,732
28.124076,706
28.124088,725
28.124102,707
28.222765,654
28.222798,701
28.222813,697
28.222826,676
28.222840,643
28.222853,673
28.222867,642
28.222880,631
28.222893,608
28.222906,623
28.329003,625
28.329030,628
28.329045,613
28.329059,605
28.329072,597
28.329085,586
28.329099,559
28.329112,546
28.329125,551
28.329138,594
28.440289,576
28.440321,578
28.440339,549
28.440352,586
28.440366,573
28.440379,565
28.440392,564
28.440406,581
28.440420,575
28.440433,596
28.545293,563
28.545343,569
28.545359,535
28.545373,544
28.545387,550
28.545400,570
28.545413,565
28.545426,560
28.545439,537
28.545452,532
28.624011,446
28.624054,415
28.624069,411
28.624084,417
28.624097,427
28.624111,430
28.624124,424
28.624137,436
28.624150,439
28.624163,429
28.734029,432
28.734076,460
28.734092,447
28.734107,473
28.734120,502
28.734133,487
28.734147,484
28.734160,515
28.734173,505
28.734186,498
28.818967,511
28.819006,549
28.819021,536
28.819034,543
28.819048,554
28.819062,569
28.819075,529
28.819088,568
28.819101,533
28.819114,570
28.921520,543
28.921548,547
28.921562,590
28.921576,581
28.921630,574
28.921645,583
28.921659,559
28.921672,568
28.921688,526
28.921701,546
29.026549,607
29.026584,595
29.026599,554
29.026612,558
29.026626,524
29.026639,555
29.026652,541
29.026664,548
29.026677,516
29.026690,611
29.136523,582
29.136549,577
29.136564,564
29.136577,573
29.136591,571
29.136604,555
29.136617,454
29.136630,337
29.136644,237
29.136657,432
29.244057,592
29.244091,671
29.244106,639
29.244120,620
29.244133,574
29.244147,602
29.244160,555
29.244173,623
29.244186,604
29.244199,583
29.317811,568
29.317837,572
29.317851,540
29.317865,556
29.317878,541
29.317891,539
29.317905,558
29.317919,589
29.317932,558
29.317946,544
29.427778,525
29.427805,526
29.427819,528
29.427833,527
29.427846,509
29.427859,535
29.427872,520
29.427885,547
29.427899,517
29.427912,525
29.542813,511
29.542863,564
29.542878,544
29.542891,534
29.542905,550
29.542918,545
29.542932,537
29.542945,546
29.542958,509
29.542971,506
29.625247,517
29.625288,511
29.625306,511
29.625320,536
29.625333,497
29.625347,520
29.625360,506
29.625373,493
29.625386,482
29.625400,537
29.722816,516
29.722860,536
29.722875,523
29.722889,519
29.722902,511
29.722916,525
29.722929,501
29.722942,504
29.722955,531
29.722969,520
29.827789,522
29.827833,545
29.827848,533
29.827861,519
29.827875,527
29.827888,555
29.827901,501
29.827914,550
29.827927,530
29.827940,513
29.942823,504
29.942874,555
29.942889,517
29.942903,528
29.942917,535
29.942930,541
29.942944,518
29.942957,523
29.942971,510
29.942984,540
30.023991,497
30.024031,542
30.024047,543
30.024061,557
30.024074,523
30.024088,539
30.024101,515
30.024114,510
30.024127,524
30.024141,528
